model,accuracy,precision,recall,f1,roc_auc
random_forest,0.5257497414684591,0.679144385026738,0.6991467107074043,0.6890004068900041,0.2658677871040696
