feature,importance
eye_closed_signal,0.8485081475849792
yawn_signal,0.11650176629077914
head_abnormal_signal,0.03499008612424175
