model,accuracy,precision,recall,f1,roc_auc
random_forest,0.9493442724843061,0.9512525389302641,0.9279371835326925,0.9394502228826151,0.9836719613142497
