model,accuracy,precision,recall,f1,roc_auc
random_forest,0.9965010496850945,0.9981942939689419,0.996395097332372,0.9972938841782428,0.9999044569749029
