feature,importance
roll,0.56042886
yaw,0.16544001
pitch,0.16120991
ear,0.0625743
mar,0.050346933
