feature,importance
roll,0.6049484615411961
yaw,0.16298252061750082
pitch,0.15023733710187356
ear,0.04646103534410548
mar,0.03537064539532407
