model,accuracy,precision,recall,f1,roc_auc
svm_rbf,0.99,1.0,0.98,0.98989898989899,1.0
xgboost,0.985,0.98989898989899,0.98,0.9849246231155779,0.9994
random_forest,0.98,0.9897959183673469,0.97,0.9797979797979798,0.9993000000000001
